[
{
  "model": "auth.permission",
  "pk": 1,
  "fields": {
    "name": "Can add log entry",
    "content_type": 1,
    "codename": "add_logentry"
  }
},
{
  "model": "auth.permission",
  "pk": 2,
  "fields": {
    "name": "Can change log entry",
    "content_type": 1,
    "codename": "change_logentry"
  }
},
{
  "model": "auth.permission",
  "pk": 3,
  "fields": {
    "name": "Can delete log entry",
    "content_type": 1,
    "codename": "delete_logentry"
  }
},
{
  "model": "auth.permission",
  "pk": 4,
  "fields": {
    "name": "Can view log entry",
    "content_type": 1,
    "codename": "view_logentry"
  }
},
{
  "model": "auth.permission",
  "pk": 5,
  "fields": {
    "name": "Can add permission",
    "content_type": 2,
    "codename": "add_permission"
  }
},
{
  "model": "auth.permission",
  "pk": 6,
  "fields": {
    "name": "Can change permission",
    "content_type": 2,
    "codename": "change_permission"
  }
},
{
  "model": "auth.permission",
  "pk": 7,
  "fields": {
    "name": "Can delete permission",
    "content_type": 2,
    "codename": "delete_permission"
  }
},
{
  "model": "auth.permission",
  "pk": 8,
  "fields": {
    "name": "Can view permission",
    "content_type": 2,
    "codename": "view_permission"
  }
},
{
  "model": "auth.permission",
  "pk": 9,
  "fields": {
    "name": "Can add group",
    "content_type": 3,
    "codename": "add_group"
  }
},
{
  "model": "auth.permission",
  "pk": 10,
  "fields": {
    "name": "Can change group",
    "content_type": 3,
    "codename": "change_group"
  }
},
{
  "model": "auth.permission",
  "pk": 11,
  "fields": {
    "name": "Can delete group",
    "content_type": 3,
    "codename": "delete_group"
  }
},
{
  "model": "auth.permission",
  "pk": 12,
  "fields": {
    "name": "Can view group",
    "content_type": 3,
    "codename": "view_group"
  }
},
{
  "model": "auth.permission",
  "pk": 13,
  "fields": {
    "name": "Can add content type",
    "content_type": 4,
    "codename": "add_contenttype"
  }
},
{
  "model": "auth.permission",
  "pk": 14,
  "fields": {
    "name": "Can change content type",
    "content_type": 4,
    "codename": "change_contenttype"
  }
},
{
  "model": "auth.permission",
  "pk": 15,
  "fields": {
    "name": "Can delete content type",
    "content_type": 4,
    "codename": "delete_contenttype"
  }
},
{
  "model": "auth.permission",
  "pk": 16,
  "fields": {
    "name": "Can view content type",
    "content_type": 4,
    "codename": "view_contenttype"
  }
},
{
  "model": "auth.permission",
  "pk": 17,
  "fields": {
    "name": "Can add session",
    "content_type": 5,
    "codename": "add_session"
  }
},
{
  "model": "auth.permission",
  "pk": 18,
  "fields": {
    "name": "Can change session",
    "content_type": 5,
    "codename": "change_session"
  }
},
{
  "model": "auth.permission",
  "pk": 19,
  "fields": {
    "name": "Can delete session",
    "content_type": 5,
    "codename": "delete_session"
  }
},
{
  "model": "auth.permission",
  "pk": 20,
  "fields": {
    "name": "Can view session",
    "content_type": 5,
    "codename": "view_session"
  }
},
{
  "model": "auth.permission",
  "pk": 21,
  "fields": {
    "name": "Can add actividades",
    "content_type": 6,
    "codename": "add_actividades"
  }
},
{
  "model": "auth.permission",
  "pk": 22,
  "fields": {
    "name": "Can change actividades",
    "content_type": 6,
    "codename": "change_actividades"
  }
},
{
  "model": "auth.permission",
  "pk": 23,
  "fields": {
    "name": "Can delete actividades",
    "content_type": 6,
    "codename": "delete_actividades"
  }
},
{
  "model": "auth.permission",
  "pk": 24,
  "fields": {
    "name": "Can view actividades",
    "content_type": 6,
    "codename": "view_actividades"
  }
},
{
  "model": "auth.permission",
  "pk": 25,
  "fields": {
    "name": "Can add departamentos",
    "content_type": 7,
    "codename": "add_departamentos"
  }
},
{
  "model": "auth.permission",
  "pk": 26,
  "fields": {
    "name": "Can change departamentos",
    "content_type": 7,
    "codename": "change_departamentos"
  }
},
{
  "model": "auth.permission",
  "pk": 27,
  "fields": {
    "name": "Can delete departamentos",
    "content_type": 7,
    "codename": "delete_departamentos"
  }
},
{
  "model": "auth.permission",
  "pk": 28,
  "fields": {
    "name": "Can view departamentos",
    "content_type": 7,
    "codename": "view_departamentos"
  }
},
{
  "model": "auth.permission",
  "pk": 29,
  "fields": {
    "name": "Can add evaluacion",
    "content_type": 8,
    "codename": "add_evaluacion"
  }
},
{
  "model": "auth.permission",
  "pk": 30,
  "fields": {
    "name": "Can change evaluacion",
    "content_type": 8,
    "codename": "change_evaluacion"
  }
},
{
  "model": "auth.permission",
  "pk": 31,
  "fields": {
    "name": "Can delete evaluacion",
    "content_type": 8,
    "codename": "delete_evaluacion"
  }
},
{
  "model": "auth.permission",
  "pk": 32,
  "fields": {
    "name": "Can view evaluacion",
    "content_type": 8,
    "codename": "view_evaluacion"
  }
},
{
  "model": "auth.permission",
  "pk": 33,
  "fields": {
    "name": "Can add tipo usuario",
    "content_type": 9,
    "codename": "add_tipousuario"
  }
},
{
  "model": "auth.permission",
  "pk": 34,
  "fields": {
    "name": "Can change tipo usuario",
    "content_type": 9,
    "codename": "change_tipousuario"
  }
},
{
  "model": "auth.permission",
  "pk": 35,
  "fields": {
    "name": "Can delete tipo usuario",
    "content_type": 9,
    "codename": "delete_tipousuario"
  }
},
{
  "model": "auth.permission",
  "pk": 36,
  "fields": {
    "name": "Can view tipo usuario",
    "content_type": 9,
    "codename": "view_tipousuario"
  }
},
{
  "model": "auth.permission",
  "pk": 37,
  "fields": {
    "name": "Can add plandesarrollo",
    "content_type": 10,
    "codename": "add_plandesarrollo"
  }
},
{
  "model": "auth.permission",
  "pk": 38,
  "fields": {
    "name": "Can change plandesarrollo",
    "content_type": 10,
    "codename": "change_plandesarrollo"
  }
},
{
  "model": "auth.permission",
  "pk": 39,
  "fields": {
    "name": "Can delete plandesarrollo",
    "content_type": 10,
    "codename": "delete_plandesarrollo"
  }
},
{
  "model": "auth.permission",
  "pk": 40,
  "fields": {
    "name": "Can view plandesarrollo",
    "content_type": 10,
    "codename": "view_plandesarrollo"
  }
},
{
  "model": "auth.permission",
  "pk": 41,
  "fields": {
    "name": "Can add recordatorio",
    "content_type": 11,
    "codename": "add_recordatorio"
  }
},
{
  "model": "auth.permission",
  "pk": 42,
  "fields": {
    "name": "Can change recordatorio",
    "content_type": 11,
    "codename": "change_recordatorio"
  }
},
{
  "model": "auth.permission",
  "pk": 43,
  "fields": {
    "name": "Can delete recordatorio",
    "content_type": 11,
    "codename": "delete_recordatorio"
  }
},
{
  "model": "auth.permission",
  "pk": 44,
  "fields": {
    "name": "Can view recordatorio",
    "content_type": 11,
    "codename": "view_recordatorio"
  }
},
{
  "model": "auth.permission",
  "pk": 45,
  "fields": {
    "name": "Can add servicios",
    "content_type": 12,
    "codename": "add_servicios"
  }
},
{
  "model": "auth.permission",
  "pk": 46,
  "fields": {
    "name": "Can change servicios",
    "content_type": 12,
    "codename": "change_servicios"
  }
},
{
  "model": "auth.permission",
  "pk": 47,
  "fields": {
    "name": "Can delete servicios",
    "content_type": 12,
    "codename": "delete_servicios"
  }
},
{
  "model": "auth.permission",
  "pk": 48,
  "fields": {
    "name": "Can view servicios",
    "content_type": 12,
    "codename": "view_servicios"
  }
},
{
  "model": "auth.permission",
  "pk": 49,
  "fields": {
    "name": "Can add usuario",
    "content_type": 13,
    "codename": "add_usuario"
  }
},
{
  "model": "auth.permission",
  "pk": 50,
  "fields": {
    "name": "Can change usuario",
    "content_type": 13,
    "codename": "change_usuario"
  }
},
{
  "model": "auth.permission",
  "pk": 51,
  "fields": {
    "name": "Can delete usuario",
    "content_type": 13,
    "codename": "delete_usuario"
  }
},
{
  "model": "auth.permission",
  "pk": 52,
  "fields": {
    "name": "Can view usuario",
    "content_type": 13,
    "codename": "view_usuario"
  }
},
{
  "model": "auth.permission",
  "pk": 53,
  "fields": {
    "name": "Can add invitados_actividad",
    "content_type": 14,
    "codename": "add_invitados_actividad"
  }
},
{
  "model": "auth.permission",
  "pk": 54,
  "fields": {
    "name": "Can change invitados_actividad",
    "content_type": 14,
    "codename": "change_invitados_actividad"
  }
},
{
  "model": "auth.permission",
  "pk": 55,
  "fields": {
    "name": "Can delete invitados_actividad",
    "content_type": 14,
    "codename": "delete_invitados_actividad"
  }
},
{
  "model": "auth.permission",
  "pk": 56,
  "fields": {
    "name": "Can view invitados_actividad",
    "content_type": 14,
    "codename": "view_invitados_actividad"
  }
},
{
  "model": "auth.permission",
  "pk": 57,
  "fields": {
    "name": "Can add cliente",
    "content_type": 15,
    "codename": "add_cliente"
  }
},
{
  "model": "auth.permission",
  "pk": 58,
  "fields": {
    "name": "Can change cliente",
    "content_type": 15,
    "codename": "change_cliente"
  }
},
{
  "model": "auth.permission",
  "pk": 59,
  "fields": {
    "name": "Can delete cliente",
    "content_type": 15,
    "codename": "delete_cliente"
  }
},
{
  "model": "auth.permission",
  "pk": 60,
  "fields": {
    "name": "Can view cliente",
    "content_type": 15,
    "codename": "view_cliente"
  }
},
{
  "model": "auth.permission",
  "pk": 61,
  "fields": {
    "name": "Can add usuario",
    "content_type": 16,
    "codename": "add_usuario"
  }
},
{
  "model": "auth.permission",
  "pk": 62,
  "fields": {
    "name": "Can change usuario",
    "content_type": 16,
    "codename": "change_usuario"
  }
},
{
  "model": "auth.permission",
  "pk": 63,
  "fields": {
    "name": "Can delete usuario",
    "content_type": 16,
    "codename": "delete_usuario"
  }
},
{
  "model": "auth.permission",
  "pk": 64,
  "fields": {
    "name": "Can view usuario",
    "content_type": 16,
    "codename": "view_usuario"
  }
},
{
  "model": "auth.permission",
  "pk": 65,
  "fields": {
    "name": "Can add invitados_actividad",
    "content_type": 17,
    "codename": "add_invitados_actividad"
  }
},
{
  "model": "auth.permission",
  "pk": 66,
  "fields": {
    "name": "Can change invitados_actividad",
    "content_type": 17,
    "codename": "change_invitados_actividad"
  }
},
{
  "model": "auth.permission",
  "pk": 67,
  "fields": {
    "name": "Can delete invitados_actividad",
    "content_type": 17,
    "codename": "delete_invitados_actividad"
  }
},
{
  "model": "auth.permission",
  "pk": 68,
  "fields": {
    "name": "Can view invitados_actividad",
    "content_type": 17,
    "codename": "view_invitados_actividad"
  }
},
{
  "model": "auth.permission",
  "pk": 69,
  "fields": {
    "name": "Can add invitados_actividad",
    "content_type": 18,
    "codename": "add_invitados_actividad"
  }
},
{
  "model": "auth.permission",
  "pk": 70,
  "fields": {
    "name": "Can change invitados_actividad",
    "content_type": 18,
    "codename": "change_invitados_actividad"
  }
},
{
  "model": "auth.permission",
  "pk": 71,
  "fields": {
    "name": "Can delete invitados_actividad",
    "content_type": 18,
    "codename": "delete_invitados_actividad"
  }
},
{
  "model": "auth.permission",
  "pk": 72,
  "fields": {
    "name": "Can view invitados_actividad",
    "content_type": 18,
    "codename": "view_invitados_actividad"
  }
},
{
  "model": "auth.permission",
  "pk": 73,
  "fields": {
    "name": "Can add caso",
    "content_type": 19,
    "codename": "add_caso"
  }
},
{
  "model": "auth.permission",
  "pk": 74,
  "fields": {
    "name": "Can change caso",
    "content_type": 19,
    "codename": "change_caso"
  }
},
{
  "model": "auth.permission",
  "pk": 75,
  "fields": {
    "name": "Can delete caso",
    "content_type": 19,
    "codename": "delete_caso"
  }
},
{
  "model": "auth.permission",
  "pk": 76,
  "fields": {
    "name": "Can view caso",
    "content_type": 19,
    "codename": "view_caso"
  }
},
{
  "model": "auth.permission",
  "pk": 77,
  "fields": {
    "name": "Can add departamentos",
    "content_type": 6,
    "codename": "add_departamentos"
  }
},
{
  "model": "auth.permission",
  "pk": 78,
  "fields": {
    "name": "Can change departamentos",
    "content_type": 6,
    "codename": "change_departamentos"
  }
},
{
  "model": "auth.permission",
  "pk": 79,
  "fields": {
    "name": "Can delete departamentos",
    "content_type": 6,
    "codename": "delete_departamentos"
  }
},
{
  "model": "auth.permission",
  "pk": 80,
  "fields": {
    "name": "Can view departamentos",
    "content_type": 6,
    "codename": "view_departamentos"
  }
},
{
  "model": "auth.permission",
  "pk": 81,
  "fields": {
    "name": "Can add estado actividad",
    "content_type": 7,
    "codename": "add_estadoactividad"
  }
},
{
  "model": "auth.permission",
  "pk": 82,
  "fields": {
    "name": "Can change estado actividad",
    "content_type": 7,
    "codename": "change_estadoactividad"
  }
},
{
  "model": "auth.permission",
  "pk": 83,
  "fields": {
    "name": "Can delete estado actividad",
    "content_type": 7,
    "codename": "delete_estadoactividad"
  }
},
{
  "model": "auth.permission",
  "pk": 84,
  "fields": {
    "name": "Can view estado actividad",
    "content_type": 7,
    "codename": "view_estadoactividad"
  }
},
{
  "model": "auth.permission",
  "pk": 85,
  "fields": {
    "name": "Can add tipo usuario",
    "content_type": 10,
    "codename": "add_tipousuario"
  }
},
{
  "model": "auth.permission",
  "pk": 86,
  "fields": {
    "name": "Can change tipo usuario",
    "content_type": 10,
    "codename": "change_tipousuario"
  }
},
{
  "model": "auth.permission",
  "pk": 87,
  "fields": {
    "name": "Can delete tipo usuario",
    "content_type": 10,
    "codename": "delete_tipousuario"
  }
},
{
  "model": "auth.permission",
  "pk": 88,
  "fields": {
    "name": "Can view tipo usuario",
    "content_type": 10,
    "codename": "view_tipousuario"
  }
},
{
  "model": "auth.permission",
  "pk": 89,
  "fields": {
    "name": "Can add actividades",
    "content_type": 11,
    "codename": "add_actividades"
  }
},
{
  "model": "auth.permission",
  "pk": 90,
  "fields": {
    "name": "Can change actividades",
    "content_type": 11,
    "codename": "change_actividades"
  }
},
{
  "model": "auth.permission",
  "pk": 91,
  "fields": {
    "name": "Can delete actividades",
    "content_type": 11,
    "codename": "delete_actividades"
  }
},
{
  "model": "auth.permission",
  "pk": 92,
  "fields": {
    "name": "Can view actividades",
    "content_type": 11,
    "codename": "view_actividades"
  }
},
{
  "model": "auth.permission",
  "pk": 93,
  "fields": {
    "name": "Can add plandesarrollo",
    "content_type": 12,
    "codename": "add_plandesarrollo"
  }
},
{
  "model": "auth.permission",
  "pk": 94,
  "fields": {
    "name": "Can change plandesarrollo",
    "content_type": 12,
    "codename": "change_plandesarrollo"
  }
},
{
  "model": "auth.permission",
  "pk": 95,
  "fields": {
    "name": "Can delete plandesarrollo",
    "content_type": 12,
    "codename": "delete_plandesarrollo"
  }
},
{
  "model": "auth.permission",
  "pk": 96,
  "fields": {
    "name": "Can view plandesarrollo",
    "content_type": 12,
    "codename": "view_plandesarrollo"
  }
},
{
  "model": "auth.permission",
  "pk": 97,
  "fields": {
    "name": "Can add recordatorio",
    "content_type": 13,
    "codename": "add_recordatorio"
  }
},
{
  "model": "auth.permission",
  "pk": 98,
  "fields": {
    "name": "Can change recordatorio",
    "content_type": 13,
    "codename": "change_recordatorio"
  }
},
{
  "model": "auth.permission",
  "pk": 99,
  "fields": {
    "name": "Can delete recordatorio",
    "content_type": 13,
    "codename": "delete_recordatorio"
  }
},
{
  "model": "auth.permission",
  "pk": 100,
  "fields": {
    "name": "Can view recordatorio",
    "content_type": 13,
    "codename": "view_recordatorio"
  }
},
{
  "model": "auth.permission",
  "pk": 101,
  "fields": {
    "name": "Can add servicios",
    "content_type": 14,
    "codename": "add_servicios"
  }
},
{
  "model": "auth.permission",
  "pk": 102,
  "fields": {
    "name": "Can change servicios",
    "content_type": 14,
    "codename": "change_servicios"
  }
},
{
  "model": "auth.permission",
  "pk": 103,
  "fields": {
    "name": "Can delete servicios",
    "content_type": 14,
    "codename": "delete_servicios"
  }
},
{
  "model": "auth.permission",
  "pk": 104,
  "fields": {
    "name": "Can view servicios",
    "content_type": 14,
    "codename": "view_servicios"
  }
},
{
  "model": "auth.permission",
  "pk": 105,
  "fields": {
    "name": "Can add registro asistencia",
    "content_type": 17,
    "codename": "add_registroasistencia"
  }
},
{
  "model": "auth.permission",
  "pk": 106,
  "fields": {
    "name": "Can change registro asistencia",
    "content_type": 17,
    "codename": "change_registroasistencia"
  }
},
{
  "model": "auth.permission",
  "pk": 107,
  "fields": {
    "name": "Can delete registro asistencia",
    "content_type": 17,
    "codename": "delete_registroasistencia"
  }
},
{
  "model": "auth.permission",
  "pk": 108,
  "fields": {
    "name": "Can view registro asistencia",
    "content_type": 17,
    "codename": "view_registroasistencia"
  }
},
{
  "model": "auth.permission",
  "pk": 109,
  "fields": {
    "name": "Can add tipo cliente",
    "content_type": 9,
    "codename": "add_tipocliente"
  }
},
{
  "model": "auth.permission",
  "pk": 110,
  "fields": {
    "name": "Can change tipo cliente",
    "content_type": 9,
    "codename": "change_tipocliente"
  }
},
{
  "model": "auth.permission",
  "pk": 111,
  "fields": {
    "name": "Can delete tipo cliente",
    "content_type": 9,
    "codename": "delete_tipocliente"
  }
},
{
  "model": "auth.permission",
  "pk": 112,
  "fields": {
    "name": "Can view tipo cliente",
    "content_type": 9,
    "codename": "view_tipocliente"
  }
},
{
  "model": "auth.permission",
  "pk": 113,
  "fields": {
    "name": "Can add estado actividad",
    "content_type": 8,
    "codename": "add_estadoactividad"
  }
},
{
  "model": "auth.permission",
  "pk": 114,
  "fields": {
    "name": "Can change estado actividad",
    "content_type": 8,
    "codename": "change_estadoactividad"
  }
},
{
  "model": "auth.permission",
  "pk": 115,
  "fields": {
    "name": "Can delete estado actividad",
    "content_type": 8,
    "codename": "delete_estadoactividad"
  }
},
{
  "model": "auth.permission",
  "pk": 116,
  "fields": {
    "name": "Can view estado actividad",
    "content_type": 8,
    "codename": "view_estadoactividad"
  }
},
{
  "model": "auth.permission",
  "pk": 117,
  "fields": {
    "name": "Can add evaluacion",
    "content_type": 9,
    "codename": "add_evaluacion"
  }
},
{
  "model": "auth.permission",
  "pk": 118,
  "fields": {
    "name": "Can change evaluacion",
    "content_type": 9,
    "codename": "change_evaluacion"
  }
},
{
  "model": "auth.permission",
  "pk": 119,
  "fields": {
    "name": "Can delete evaluacion",
    "content_type": 9,
    "codename": "delete_evaluacion"
  }
},
{
  "model": "auth.permission",
  "pk": 120,
  "fields": {
    "name": "Can view evaluacion",
    "content_type": 9,
    "codename": "view_evaluacion"
  }
},
{
  "model": "auth.permission",
  "pk": 121,
  "fields": {
    "name": "Can add tipo usuario",
    "content_type": 11,
    "codename": "add_tipousuario"
  }
},
{
  "model": "auth.permission",
  "pk": 122,
  "fields": {
    "name": "Can change tipo usuario",
    "content_type": 11,
    "codename": "change_tipousuario"
  }
},
{
  "model": "auth.permission",
  "pk": 123,
  "fields": {
    "name": "Can delete tipo usuario",
    "content_type": 11,
    "codename": "delete_tipousuario"
  }
},
{
  "model": "auth.permission",
  "pk": 124,
  "fields": {
    "name": "Can view tipo usuario",
    "content_type": 11,
    "codename": "view_tipousuario"
  }
},
{
  "model": "auth.permission",
  "pk": 125,
  "fields": {
    "name": "Can add actividades",
    "content_type": 13,
    "codename": "add_actividades"
  }
},
{
  "model": "auth.permission",
  "pk": 126,
  "fields": {
    "name": "Can change actividades",
    "content_type": 13,
    "codename": "change_actividades"
  }
},
{
  "model": "auth.permission",
  "pk": 127,
  "fields": {
    "name": "Can delete actividades",
    "content_type": 13,
    "codename": "delete_actividades"
  }
},
{
  "model": "auth.permission",
  "pk": 128,
  "fields": {
    "name": "Can view actividades",
    "content_type": 13,
    "codename": "view_actividades"
  }
},
{
  "model": "auth.permission",
  "pk": 129,
  "fields": {
    "name": "Can add plandesarrollo",
    "content_type": 14,
    "codename": "add_plandesarrollo"
  }
},
{
  "model": "auth.permission",
  "pk": 130,
  "fields": {
    "name": "Can change plandesarrollo",
    "content_type": 14,
    "codename": "change_plandesarrollo"
  }
},
{
  "model": "auth.permission",
  "pk": 131,
  "fields": {
    "name": "Can delete plandesarrollo",
    "content_type": 14,
    "codename": "delete_plandesarrollo"
  }
},
{
  "model": "auth.permission",
  "pk": 132,
  "fields": {
    "name": "Can view plandesarrollo",
    "content_type": 14,
    "codename": "view_plandesarrollo"
  }
},
{
  "model": "auth.permission",
  "pk": 133,
  "fields": {
    "name": "Can add recordatorio",
    "content_type": 15,
    "codename": "add_recordatorio"
  }
},
{
  "model": "auth.permission",
  "pk": 134,
  "fields": {
    "name": "Can change recordatorio",
    "content_type": 15,
    "codename": "change_recordatorio"
  }
},
{
  "model": "auth.permission",
  "pk": 135,
  "fields": {
    "name": "Can delete recordatorio",
    "content_type": 15,
    "codename": "delete_recordatorio"
  }
},
{
  "model": "auth.permission",
  "pk": 136,
  "fields": {
    "name": "Can view recordatorio",
    "content_type": 15,
    "codename": "view_recordatorio"
  }
},
{
  "model": "auth.permission",
  "pk": 137,
  "fields": {
    "name": "Can add servicios",
    "content_type": 16,
    "codename": "add_servicios"
  }
},
{
  "model": "auth.permission",
  "pk": 138,
  "fields": {
    "name": "Can change servicios",
    "content_type": 16,
    "codename": "change_servicios"
  }
},
{
  "model": "auth.permission",
  "pk": 139,
  "fields": {
    "name": "Can delete servicios",
    "content_type": 16,
    "codename": "delete_servicios"
  }
},
{
  "model": "auth.permission",
  "pk": 140,
  "fields": {
    "name": "Can view servicios",
    "content_type": 16,
    "codename": "view_servicios"
  }
},
{
  "model": "auth.permission",
  "pk": 141,
  "fields": {
    "name": "Can add usuario",
    "content_type": 17,
    "codename": "add_usuario"
  }
},
{
  "model": "auth.permission",
  "pk": 142,
  "fields": {
    "name": "Can change usuario",
    "content_type": 17,
    "codename": "change_usuario"
  }
},
{
  "model": "auth.permission",
  "pk": 143,
  "fields": {
    "name": "Can delete usuario",
    "content_type": 17,
    "codename": "delete_usuario"
  }
},
{
  "model": "auth.permission",
  "pk": 144,
  "fields": {
    "name": "Can view usuario",
    "content_type": 17,
    "codename": "view_usuario"
  }
},
{
  "model": "auth.permission",
  "pk": 145,
  "fields": {
    "name": "Can add registro asistencia",
    "content_type": 18,
    "codename": "add_registroasistencia"
  }
},
{
  "model": "auth.permission",
  "pk": 146,
  "fields": {
    "name": "Can change registro asistencia",
    "content_type": 18,
    "codename": "change_registroasistencia"
  }
},
{
  "model": "auth.permission",
  "pk": 147,
  "fields": {
    "name": "Can delete registro asistencia",
    "content_type": 18,
    "codename": "delete_registroasistencia"
  }
},
{
  "model": "auth.permission",
  "pk": 148,
  "fields": {
    "name": "Can view registro asistencia",
    "content_type": 18,
    "codename": "view_registroasistencia"
  }
},
{
  "model": "auth.permission",
  "pk": 149,
  "fields": {
    "name": "Can add invitados_actividad",
    "content_type": 19,
    "codename": "add_invitados_actividad"
  }
},
{
  "model": "auth.permission",
  "pk": 150,
  "fields": {
    "name": "Can change invitados_actividad",
    "content_type": 19,
    "codename": "change_invitados_actividad"
  }
},
{
  "model": "auth.permission",
  "pk": 151,
  "fields": {
    "name": "Can delete invitados_actividad",
    "content_type": 19,
    "codename": "delete_invitados_actividad"
  }
},
{
  "model": "auth.permission",
  "pk": 152,
  "fields": {
    "name": "Can view invitados_actividad",
    "content_type": 19,
    "codename": "view_invitados_actividad"
  }
},
{
  "model": "auth.permission",
  "pk": 153,
  "fields": {
    "name": "Can add caso",
    "content_type": 12,
    "codename": "add_caso"
  }
},
{
  "model": "auth.permission",
  "pk": 154,
  "fields": {
    "name": "Can change caso",
    "content_type": 12,
    "codename": "change_caso"
  }
},
{
  "model": "auth.permission",
  "pk": 155,
  "fields": {
    "name": "Can delete caso",
    "content_type": 12,
    "codename": "delete_caso"
  }
},
{
  "model": "auth.permission",
  "pk": 156,
  "fields": {
    "name": "Can view caso",
    "content_type": 12,
    "codename": "view_caso"
  }
},
{
  "model": "auth.permission",
  "pk": 157,
  "fields": {
    "name": "Can add cliente",
    "content_type": 6,
    "codename": "add_cliente"
  }
},
{
  "model": "auth.permission",
  "pk": 158,
  "fields": {
    "name": "Can change cliente",
    "content_type": 6,
    "codename": "change_cliente"
  }
},
{
  "model": "auth.permission",
  "pk": 159,
  "fields": {
    "name": "Can delete cliente",
    "content_type": 6,
    "codename": "delete_cliente"
  }
},
{
  "model": "auth.permission",
  "pk": 160,
  "fields": {
    "name": "Can view cliente",
    "content_type": 6,
    "codename": "view_cliente"
  }
},
{
  "model": "auth.permission",
  "pk": 161,
  "fields": {
    "name": "Can add tipo cliente",
    "content_type": 10,
    "codename": "add_tipocliente"
  }
},
{
  "model": "auth.permission",
  "pk": 162,
  "fields": {
    "name": "Can change tipo cliente",
    "content_type": 10,
    "codename": "change_tipocliente"
  }
},
{
  "model": "auth.permission",
  "pk": 163,
  "fields": {
    "name": "Can delete tipo cliente",
    "content_type": 10,
    "codename": "delete_tipocliente"
  }
},
{
  "model": "auth.permission",
  "pk": 164,
  "fields": {
    "name": "Can view tipo cliente",
    "content_type": 10,
    "codename": "view_tipocliente"
  }
},
{
  "model": "contenttypes.contenttype",
  "pk": 1,
  "fields": {
    "app_label": "admin",
    "model": "logentry"
  }
},
{
  "model": "contenttypes.contenttype",
  "pk": 2,
  "fields": {
    "app_label": "auth",
    "model": "permission"
  }
},
{
  "model": "contenttypes.contenttype",
  "pk": 3,
  "fields": {
    "app_label": "auth",
    "model": "group"
  }
},
{
  "model": "contenttypes.contenttype",
  "pk": 4,
  "fields": {
    "app_label": "contenttypes",
    "model": "contenttype"
  }
},
{
  "model": "contenttypes.contenttype",
  "pk": 5,
  "fields": {
    "app_label": "sessions",
    "model": "session"
  }
},
{
  "model": "contenttypes.contenttype",
  "pk": 6,
  "fields": {
    "app_label": "SIGEA_APP",
    "model": "cliente"
  }
},
{
  "model": "contenttypes.contenttype",
  "pk": 7,
  "fields": {
    "app_label": "SIGEA_APP",
    "model": "departamentos"
  }
},
{
  "model": "contenttypes.contenttype",
  "pk": 8,
  "fields": {
    "app_label": "SIGEA_APP",
    "model": "estadoactividad"
  }
},
{
  "model": "contenttypes.contenttype",
  "pk": 9,
  "fields": {
    "app_label": "SIGEA_APP",
    "model": "evaluacion"
  }
},
{
  "model": "contenttypes.contenttype",
  "pk": 10,
  "fields": {
    "app_label": "SIGEA_APP",
    "model": "tipocliente"
  }
},
{
  "model": "contenttypes.contenttype",
  "pk": 11,
  "fields": {
    "app_label": "SIGEA_APP",
    "model": "tipousuario"
  }
},
{
  "model": "contenttypes.contenttype",
  "pk": 12,
  "fields": {
    "app_label": "SIGEA_APP",
    "model": "caso"
  }
},
{
  "model": "contenttypes.contenttype",
  "pk": 13,
  "fields": {
    "app_label": "SIGEA_APP",
    "model": "actividades"
  }
},
{
  "model": "contenttypes.contenttype",
  "pk": 14,
  "fields": {
    "app_label": "SIGEA_APP",
    "model": "plandesarrollo"
  }
},
{
  "model": "contenttypes.contenttype",
  "pk": 15,
  "fields": {
    "app_label": "SIGEA_APP",
    "model": "recordatorio"
  }
},
{
  "model": "contenttypes.contenttype",
  "pk": 16,
  "fields": {
    "app_label": "SIGEA_APP",
    "model": "servicios"
  }
},
{
  "model": "contenttypes.contenttype",
  "pk": 17,
  "fields": {
    "app_label": "SIGEA_APP",
    "model": "usuario"
  }
},
{
  "model": "contenttypes.contenttype",
  "pk": 18,
  "fields": {
    "app_label": "SIGEA_APP",
    "model": "registroasistencia"
  }
},
{
  "model": "contenttypes.contenttype",
  "pk": 19,
  "fields": {
    "app_label": "SIGEA_APP",
    "model": "invitados_actividad"
  }
},
{
  "model": "SIGEA_APP.departamentos",
  "pk": 1,
  "fields": {
    "divisiondepartamento": "División Legal",
    "responsabledepartamento": 2
  }
},
{
  "model": "SIGEA_APP.departamentos",
  "pk": 2,
  "fields": {
    "divisiondepartamento": "División de Litigios",
    "responsabledepartamento": 3
  }
},
{
  "model": "SIGEA_APP.departamentos",
  "pk": 3,
  "fields": {
    "divisiondepartamento": "División Internacional",
    "responsabledepartamento": 4
  }
},
{
  "model": "SIGEA_APP.departamentos",
  "pk": 4,
  "fields": {
    "divisiondepartamento": "Asesoría y Outsourcing",
    "responsabledepartamento": 5
  }
},
{
  "model": "SIGEA_APP.evaluacion",
  "pk": 1,
  "fields": {
    "idplandes": 1,
    "idusuario": 6,
    "tipoevaluacion": "Evaluación de desempeño",
    "notaevaluacio": "85",
    "comentarioevaluacio": "Buen desempeño general en las tareas asignadas.",
    "fechaevaluacion": "2024-10-05T10:00:00Z"
  }
},
{
  "model": "SIGEA_APP.evaluacion",
  "pk": 2,
  "fields": {
    "idplandes": 2,
    "idusuario": 6,
    "tipoevaluacion": "Evaluación de habilidades",
    "notaevaluacio": "90",
    "comentarioevaluacio": "Excelente manejo de las herramientas del proyecto.",
    "fechaevaluacion": "2024-10-20T14:00:00Z"
  }
},
{
  "model": "SIGEA_APP.evaluacion",
  "pk": 3,
  "fields": {
    "idplandes": 3,
    "idusuario": 7,
    "tipoevaluacion": "Evaluación de desempeño",
    "notaevaluacio": "78",
    "comentarioevaluacio": "Buen rendimiento pero necesita mejorar en puntualidad.",
    "fechaevaluacion": "2024-10-06T11:30:00Z"
  }
},
{
  "model": "SIGEA_APP.evaluacion",
  "pk": 4,
  "fields": {
    "idplandes": 4,
    "idusuario": 7,
    "tipoevaluacion": "Evaluación de objetivos",
    "notaevaluacio": "80",
    "comentarioevaluacio": "Cumplió con la mayoría de los objetivos propuestos.",
    "fechaevaluacion": "2024-10-21T15:00:00Z"
  }
},
{
  "model": "SIGEA_APP.evaluacion",
  "pk": 5,
  "fields": {
    "idplandes": 5,
    "idusuario": 8,
    "tipoevaluacion": "Evaluación de habilidades",
    "notaevaluacio": "92",
    "comentarioevaluacio": "Excelente manejo de técnicas avanzadas.",
    "fechaevaluacion": "2024-10-07T09:15:00Z"
  }
},
{
  "model": "SIGEA_APP.evaluacion",
  "pk": 6,
  "fields": {
    "idplandes": 6,
    "idusuario": 8,
    "tipoevaluacion": "Evaluación de desempeño",
    "notaevaluacio": "88",
    "comentarioevaluacio": "Sólido rendimiento en todas las áreas.",
    "fechaevaluacion": "2024-10-22T16:00:00Z"
  }
},
{
  "model": "SIGEA_APP.evaluacion",
  "pk": 7,
  "fields": {
    "idplandes": 7,
    "idusuario": 9,
    "tipoevaluacion": "Evaluación de desempeño",
    "notaevaluacio": "83",
    "comentarioevaluacio": "Buen rendimiento, con margen para mejorar en comunicación.",
    "fechaevaluacion": "2024-10-08T13:30:00Z"
  }
},
{
  "model": "SIGEA_APP.evaluacion",
  "pk": 8,
  "fields": {
    "idplandes": 8,
    "idusuario": 9,
    "tipoevaluacion": "Evaluación de habilidades",
    "notaevaluacio": "89",
    "comentarioevaluacio": "Habilidades técnicas a nivel óptimo.",
    "fechaevaluacion": "2024-10-23T11:00:00Z"
  }
},
{
  "model": "SIGEA_APP.evaluacion",
  "pk": 9,
  "fields": {
    "idplandes": 9,
    "idusuario": 10,
    "tipoevaluacion": "Evaluación de objetivos",
    "notaevaluacio": "77",
    "comentarioevaluacio": "Cumplió parcialmente con los objetivos esperados.",
    "fechaevaluacion": "2024-10-09T08:45:00Z"
  }
},
{
  "model": "SIGEA_APP.evaluacion",
  "pk": 10,
  "fields": {
    "idplandes": 10,
    "idusuario": 10,
    "tipoevaluacion": "Evaluación de habilidades",
    "notaevaluacio": "85",
    "comentarioevaluacio": "Buen conocimiento y aplicación de métodos aprendidos.",
    "fechaevaluacion": "2024-10-24T14:30:00Z"
  }
},
{
  "model": "SIGEA_APP.plandesarrollo",
  "pk": 1,
  "fields": {
    "idevaluacion": 1,
    "nombreplandes": "Plan de Mejora en Desempeño",
    "objetivosplandes": "Incrementar productividad en un 20%",
    "alcancesplandes": "Aplicación de mejores prácticas en equipo",
    "descripcionplandes": "Este plan está diseñado para mejorar el rendimiento general.",
    "instruccionesplandes": "Seguir las pautas diarias y cumplir metas semanales.",
    "duracionmesesplandes": 6,
    "fortalezas": "Responsable y dedicado",
    "debilidades": "Puntualidad variable",
    "oportunidades": "Oportunidades de capacitación",
    "amenazas": "Alta competencia en el área"
  }
},
{
  "model": "SIGEA_APP.plandesarrollo",
  "pk": 2,
  "fields": {
    "idevaluacion": 2,
    "nombreplandes": "Desarrollo de Habilidades Técnicas",
    "objetivosplandes": "Perfeccionar el uso de herramientas avanzadas",
    "alcancesplandes": "Cobertura de técnicas y metodologías avanzadas",
    "descripcionplandes": "Un plan enfocado en mejorar habilidades técnicas.",
    "instruccionesplandes": "Aplicar conocimientos en proyectos específicos.",
    "duracionmesesplandes": 5,
    "fortalezas": "Buen manejo de herramientas",
    "debilidades": "A veces falta atención al detalle",
    "oportunidades": "Posibilidad de asistir a cursos",
    "amenazas": "Competencia con colegas experimentados"
  }
},
{
  "model": "SIGEA_APP.plandesarrollo",
  "pk": 3,
  "fields": {
    "idevaluacion": 3,
    "nombreplandes": "Plan de Puntualidad y Desempeño",
    "objetivosplandes": "Mejorar puntualidad y rendimiento",
    "alcancesplandes": "Aplicación de técnicas de gestión del tiempo",
    "descripcionplandes": "Plan orientado a mejorar la puntualidad y eficiencia.",
    "instruccionesplandes": "Seguir el calendario de gestión del tiempo.",
    "duracionmesesplandes": 4,
    "fortalezas": "Compromiso con las tareas",
    "debilidades": "Falta de puntualidad",
    "oportunidades": "Cursos de administración del tiempo",
    "amenazas": "Demandas adicionales de clientes"
  }
},
{
  "model": "SIGEA_APP.plandesarrollo",
  "pk": 4,
  "fields": {
    "idevaluacion": 4,
    "nombreplandes": "Cumplimiento de Objetivos",
    "objetivosplandes": "Cumplir objetivos en tiempos establecidos",
    "alcancesplandes": "Evaluación y seguimiento de cumplimiento de objetivos",
    "descripcionplandes": "Este plan ayuda a alcanzar metas de forma eficaz.",
    "instruccionesplandes": "Revisar metas mensualmente y ajustarse.",
    "duracionmesesplandes": 6,
    "fortalezas": "Capacidad de aprendizaje",
    "debilidades": "Dificultad para cumplir plazos",
    "oportunidades": "Apoyo del equipo",
    "amenazas": "Demandas cambiantes de proyectos"
  }
},
{
  "model": "SIGEA_APP.plandesarrollo",
  "pk": 5,
  "fields": {
    "idevaluacion": 5,
    "nombreplandes": "Perfeccionamiento Técnico",
    "objetivosplandes": "Adquirir dominio total en técnicas avanzadas",
    "alcancesplandes": "Fortalecer técnicas de análisis y desarrollo",
    "descripcionplandes": "Este plan fomenta el crecimiento en habilidades avanzadas.",
    "instruccionesplandes": "Aplicar lo aprendido en proyectos futuros.",
    "duracionmesesplandes": 8,
    "fortalezas": "Detallista y minucioso",
    "debilidades": "Poca experiencia en metodologías nuevas",
    "oportunidades": "Capacitación en metodologías avanzadas",
    "amenazas": "Complejidad en implementación de nuevas técnicas"
  }
},
{
  "model": "SIGEA_APP.plandesarrollo",
  "pk": 6,
  "fields": {
    "idevaluacion": 6,
    "nombreplandes": "Fortalecimiento de Desempeño",
    "objetivosplandes": "Mejorar consistencia en desempeño general",
    "alcancesplandes": "Aplicación de habilidades a nuevos proyectos",
    "descripcionplandes": "Plan diseñado para mantener el rendimiento óptimo.",
    "instruccionesplandes": "Revisar rendimiento en base a objetivos.",
    "duracionmesesplandes": 6,
    "fortalezas": "Responsabilidad en el trabajo",
    "debilidades": "Tendencia a cansancio en tareas largas",
    "oportunidades": "Acceso a mentorías especializadas",
    "amenazas": "Altas expectativas del equipo"
  }
},
{
  "model": "SIGEA_APP.plandesarrollo",
  "pk": 7,
  "fields": {
    "idevaluacion": 7,
    "nombreplandes": "Comunicación y Rendimiento",
    "objetivosplandes": "Mejorar comunicación en equipo",
    "alcancesplandes": "Aumento de interacción con compañeros",
    "descripcionplandes": "Este plan fomenta habilidades de comunicación.",
    "instruccionesplandes": "Participar en reuniones y recibir feedback.",
    "duracionmesesplandes": 3,
    "fortalezas": "Buen colaborador",
    "debilidades": "Dificultad para expresar ideas",
    "oportunidades": "Formación en comunicación efectiva",
    "amenazas": "Alta carga laboral en equipo"
  }
},
{
  "model": "SIGEA_APP.plandesarrollo",
  "pk": 8,
  "fields": {
    "idevaluacion": 8,
    "nombreplandes": "Desarrollo Técnico Continuo",
    "objetivosplandes": "Alcanzar estándares altos en habilidades técnicas",
    "alcancesplandes": "Aplicación de técnicas avanzadas",
    "descripcionplandes": "Plan diseñado para elevar habilidades técnicas.",
    "instruccionesplandes": "Realizar un seguimiento de técnicas nuevas.",
    "duracionmesesplandes": 5,
    "fortalezas": "Gran habilidad técnica",
    "debilidades": "Limitación en conocimiento de nuevas herramientas",
    "oportunidades": "Cursos de actualización",
    "amenazas": "Alta competencia tecnológica"
  }
},
{
  "model": "SIGEA_APP.plandesarrollo",
  "pk": 9,
  "fields": {
    "idevaluacion": 9,
    "nombreplandes": "Cumplimiento de Objetivos",
    "objetivosplandes": "Alcanzar objetivos parcialmente logrados",
    "alcancesplandes": "Evaluación de objetivos semanales",
    "descripcionplandes": "Plan enfocado en alcanzar metas más concretas.",
    "instruccionesplandes": "Definir metas claras y medibles.",
    "duracionmesesplandes": 6,
    "fortalezas": "Enfocado en resultados",
    "debilidades": "Dificultad para organizar tareas",
    "oportunidades": "Mentoría de organización",
    "amenazas": "Complejidad en gestionar tiempos"
  }
},
{
  "model": "SIGEA_APP.plandesarrollo",
  "pk": 10,
  "fields": {
    "idevaluacion": 10,
    "nombreplandes": "Refuerzo en Conocimientos Técnicos",
    "objetivosplandes": "Mejorar conocimientos y aplicación práctica",
    "alcancesplandes": "Abarcar nuevas técnicas en tareas actuales",
    "descripcionplandes": "Plan orientado a reforzar conocimientos.",
    "instruccionesplandes": "Realizar pruebas prácticas de conocimientos.",
    "duracionmesesplandes": 4,
    "fortalezas": "Gran interés por aprender",
    "debilidades": "Falta de experiencia en tareas complejas",
    "oportunidades": "Asistir a talleres avanzados",
    "amenazas": "Alta competencia interna"
  }
},
{
  "model": "SIGEA_APP.servicios",
  "pk": 1,
  "fields": {
    "iddepartamento": 1,
    "nombreservicio": "Derecho Corporativo",
    "descripcionservicio": "Ofrecemos servicios integrales de Derecho Corporativo, incluyendo la constitución y organización de sociedades en toda la República y Centroamérica. Nos especializamos en la elaboración de estatutos, representación legal, transacciones financieras, fusiones, manejo de libros corporativos, contratos de franquicia y distribución, asesoría laboral y planeación fiscal. Además, garantizamos el cumplimiento de normativas comerciales y la supervisión legal, asegurando la vigencia de permisos y licencias necesarios para su operación."
  }
},
{
  "model": "SIGEA_APP.servicios",
  "pk": 2,
  "fields": {
    "iddepartamento": 1,
    "nombreservicio": "Propiedad Intelectual",
    "descripcionservicio": "Ofrecemos servicios especializados en Propiedad Intelectual, protegiendo marcas, nombres comerciales, patentes, diseños industriales y derechos de autor. Gestionamos registros sanitarios y farmacéuticos, y manejamos oposiciones y litigios de propiedad intelectual. Nuestro personal, altamente calificado y en constante capacitación, asegura una protección efectiva de sus derechos en un entorno de constante vulneración."
  }
},
{
  "model": "SIGEA_APP.servicios",
  "pk": 3,
  "fields": {
    "iddepartamento": 1,
    "nombreservicio": "Derecho Bancario y Financiero",
    "descripcionservicio": "Ofrecemos asesoramiento y consultoría en Derecho Bancario y Financiero, abarcando dirección económico-financiera, gestión de tesorería y capacitación legal. Nuestro equipo, con experiencia en el sector financiero público y privado, asesora tanto a individuos como a instituciones sobre políticas bancarias vigentes. También monitoreamos el cumplimiento de permisos y licencias, asegurando el desempeño comercial conforme a las normas de competencia y protección al consumidor."
  }
},
{
  "model": "SIGEA_APP.servicios",
  "pk": 4,
  "fields": {
    "iddepartamento": 1,
    "nombreservicio": "Derecho Mercantil",
    "descripcionservicio": "Ofrecemos servicios especializados en Derecho Mercantil, abarcando contratos mercantiles, fideicomisos, diligencias no contenciosas, y procesos judiciales. Gestionamos inscripciones de prenda, hipotecas, aumentos de capital, cambios de denominación social, y disolución y liquidación de sociedades. También nos encargamos de la constitución de sociedades y todos los trámites relacionados, como inscripciones en registros y obtención de permisos. Además, asesoramos en fusiones y adquisiciones, brindando apoyo integral a la empresa en todas sus fases."
  }
},
{
  "model": "SIGEA_APP.servicios",
  "pk": 5,
  "fields": {
    "iddepartamento": 1,
    "nombreservicio": "Derecho Inmobiliario",
    "descripcionservicio": "Ofrecemos servicios especializados en Derecho Inmobiliario, garantizando asesoría de máxima calidad y celeridad. Mantenemos a nuestros clientes informados y disponibles para resolver dudas y problemas urgentes. Nuestros servicios incluyen constitución y sometimiento al régimen de condominios, desarrollos inmobiliarios, contratos de compraventa, obra y permuta de inmuebles, arrendamientos, leasing inmobiliario, y constitución de Asociaciones de Desarrollo Comunal (ADESCOS), con la debida inscripción en los registros públicos correspondientes."
  }
},
{
  "model": "SIGEA_APP.servicios",
  "pk": 6,
  "fields": {
    "iddepartamento": 1,
    "nombreservicio": "Derecho Notarial",
    "descripcionservicio": "Ofrecemos un amplio portafolio de servicios en Derecho Notarial, garantizando celeridad y eficiencia. Nuestros servicios incluyen legalización de firmas, certificaciones y actas notariales, testamentos, escrituras públicas, compraventa de inmuebles y créditos, poderes judiciales y administrativos, jurisdicción voluntaria, aceptación de herencia, juicios de identidad, corrección de errores en el Registro Civil, deslinde y remediciones de inmuebles, títulos supletorios, notificación de revocación de poderes, traducciones, compulsas y calificación de edad. Nos especializamos en brindar soluciones notariales con la máxima diligencia para nuestros clientes."
  }
},
{
  "model": "SIGEA_APP.servicios",
  "pk": 7,
  "fields": {
    "iddepartamento": 1,
    "nombreservicio": "Derecho Administrativo y Municipal",
    "descripcionservicio": "Ofrecemos servicios en Derecho Administrativo y Municipal, especializados en trámites con instituciones gubernamentales y alcaldías. Gestionamos licencias de funcionamiento, permisos de rótulos, licencias para comercialización de bebidas alcohólicas y música en vivo, apelaciones por sanciones económicas, tributación municipal, apertura y cierre de empresas, y participación en licitaciones públicas y privadas. Además, asesoramos en áreas reguladas como forestal, hidrocarburos, eléctrica, telecomunicaciones y servicios públicos, y en la creación de fundaciones y asociaciones sin fines de lucro."
  }
},
{
  "model": "SIGEA_APP.servicios",
  "pk": 8,
  "fields": {
    "iddepartamento": 1,
    "nombreservicio": "Derecho Constitucional y Contencioso Administrativo",
    "descripcionservicio": "Ofrecemos servicios especializados en Derecho Constitucional y Contencioso Administrativo. Nuestra firma de abogados ha participado exitosamente en procesos constitucionales y contenciosos de diversa naturaleza. Contamos con profesionales capacitados para presentar sus pretensiones de manera favorable ante la Corte Suprema de Justicia en casos de amparos, habeas corpus, recursos de inconstitucionalidad y procesos contra la administración pública que deba conocer la sala de lo civil de la Corte Suprema de Justicia."
  }
},
{
  "model": "SIGEA_APP.servicios",
  "pk": 9,
  "fields": {
    "iddepartamento": 1,
    "nombreservicio": "Área Institucional",
    "descripcionservicio": "Ofrecemos una atención inmediata y especializada a instituciones públicas y privadas a través de nuestra Área Institucional. Nuestra firma de abogados proporciona servicios a entidades del Gobierno Central, autónomas y municipios, así como a empresas privadas, habiendo sido elegidos como proveedores mediante contratación directa, licitación, licitación pública por invitación u otros medios. Hemos desarrollado una vía de comunicación sólida entre nuestro despacho y los clientes institucionales, garantizando la eficiencia en los servicios prestados."
  }
},
{
  "model": "SIGEA_APP.servicios",
  "pk": 10,
  "fields": {
    "iddepartamento": 1,
    "nombreservicio": "Permisos Migratorios",
    "descripcionservicio": "Ofrecemos asesoría y orientación legal en la obtención de permisos migratorios en El Salvador para clientes corporativos y personas físicas. En LANS, S.A. de C.V., ayudamos a obtener visas de visitantes no inmigrantes, permisos de trabajo y residencias permanentes, asegurando la legal estancia y actividad lucrativa de empleados extranjeros y sus familias. Brindamos asesoría general, asistencia en la creación de documentación, representación ante Migración y Extranjería, gestiones ante el Ministerio de Trabajo, y tramitación de autorizaciones para trabajar, invertir, estudiar o vivir en El Salvador. También impugnamos resoluciones migratorias y preparamos documentación para permisos de trabajo en el extranjero."
  }
},
{
  "model": "SIGEA_APP.servicios",
  "pk": 11,
  "fields": {
    "iddepartamento": 2,
    "nombreservicio": "Litigios en General",
    "descripcionservicio": "Ofrecemos servicios completos en litigios generales, abarcando casos en tribunales civiles, mercantiles, de familia y penales. Nuestro departamento de Litigios, con amplia experiencia, se especializa en conflictos, negociaciones y consultas procesales. Representamos a nuestros clientes en asuntos administrativos, laborales, penales, civiles, mercantiles y en áreas especializadas como derecho del consumidor y telecomunicaciones. Además, proporcionamos apoyo en investigaciones registrales y monitoreo diario de demandas, garantizando una atención eficiente y recuperaciones financieras efectivas, así como asesoramiento privado."
  }
},
{
  "model": "SIGEA_APP.servicios",
  "pk": 12,
  "fields": {
    "iddepartamento": 2,
    "nombreservicio": "Derecho Laboral",
    "descripcionservicio": "Ofrecemos una amplia gama de servicios en Derecho Laboral para clientes corporativos e individuales, tanto nacionales como extranjeros. En LANS, S.A. de C.V., nos especializamos en la representación patronal en audiencias del Ministerio de Trabajo, interpretación de leyes laborales, elaboración de reglamentos internos, análisis y formalización de contratos laborales, negociaciones con sindicatos y asesoría en seguridad industrial y ocupacional. Nuestros abogados tienen la experiencia necesaria para asistir a empresas e individuos en litigios laborales, asegurando un manejo efectivo de la relación patrono-trabajador."
  }
},
{
  "model": "SIGEA_APP.servicios",
  "pk": 13,
  "fields": {
    "iddepartamento": 2,
    "nombreservicio": "Derecho Penal",
    "descripcionservicio": "Ofrecemos servicios especializados en Derecho Penal con abogados experimentados en tribunales. Nos encargamos de defensas, denuncias y acusaciones penales, desde la investigación hasta la sentencia. Representamos a personas en casos de accidentes de tránsito, gestionamos devoluciones de vehículos decomisados y realizamos seguimientos por hurtos y robos en empresas. Proporcionamos una defensa eficaz y profesional en cada caso."
  }
},
{
  "model": "SIGEA_APP.servicios",
  "pk": 14,
  "fields": {
    "iddepartamento": 2,
    "nombreservicio": "Derecho de Familia",
    "descripcionservicio": "Ofrecemos abogados especialistas en Derecho de Familia, brindando asesoría y representación en matrimonios, divorcios, adopciones, filiaciones, pérdida de autoridad parental, medidas cautelares, y uniones no matrimoniales. Contacte a nuestros expertos para soluciones rápidas y eficientes en sus procesos o disputas familiares."
  }
},
{
  "model": "SIGEA_APP.servicios",
  "pk": 15,
  "fields": {
    "iddepartamento": 2,
    "nombreservicio": "Recuperación Administrativa de Carteras en Mora",
    "descripcionservicio": "Ofrecemos servicios especializados en recuperación de carteras en mora, tanto por vía amistosa como judicial, en LANS, S.A. DE C.V. Nuestras gestiones incluyen contacto telefónico y escrito, visitas presenciales, localización del deudor y fiadores, y presentación de demandas judiciales. Adaptamos nuestras estrategias según la naturaleza de la deuda, utilizando un amplio Call-Center con personal capacitado y tecnología avanzada. Nuestro Call-Center opera de lunes a sábado de 08:00 a 18:00 horas, con posibilidad de ajuste según las necesidades del cliente."
  }
},
{
  "model": "SIGEA_APP.servicios",
  "pk": 16,
  "fields": {
    "iddepartamento": 2,
    "nombreservicio": "Recuperación Judicial de Carteras en Mora",
    "descripcionservicio": "Ofrecemos servicios especializados en recuperación judicial de carteras en mora en LANS, S.A. DE C.V. Iniciamos acciones judiciales rápidas y efectivas para inmovilizar bienes del deudor, como embargos sobre inmuebles, vehículos, salarios, y cuentas bancarias. Contamos con un equipo de profesionales y un departamento jurídico que estudia la viabilidad y costo de cada caso, realizando un seguimiento detallado del expediente. Además, disponemos de una red de colaboradores y abogados en todo el país para proporcionar la cobertura jurídica necesaria."
  }
},
{
  "model": "SIGEA_APP.servicios",
  "pk": 17,
  "fields": {
    "iddepartamento": 3,
    "nombreservicio": "Creación de Sociedades o Estructuras Corporativas en Cualquier Parte del Mundo",
    "descripcionservicio": "Ofrecemos asesoría legal integral en la creación de sociedades y estructuras corporativas internacionales en LANS, S.A. de C.V. Nuestros servicios incluyen la constitución y organización de empresas en cualquier país del mundo, elaboración de estatutos, representación judicial y administrativa, apertura de cuentas bancarias, fusiones y disoluciones, negociación de acuerdos entre accionistas, y manejo de libros corporativos. También brindamos concesiones, administración de sociedades, y supervisión legal, contable e impositiva de compañías a nivel regional e internacional."
  }
},
{
  "model": "SIGEA_APP.servicios",
  "pk": 18,
  "fields": {
    "iddepartamento": 3,
    "nombreservicio": "Fundaciones de Interés Privado",
    "descripcionservicio": "Ofrecemos asesoría integral sobre fundaciones de interés privado en LANS, S.A. de C.V. Asistimos en la constitución y registro de estas fundaciones, así como en su gestión continua. Los beneficios incluyen exención de impuestos en Panamá, exceptuando una tasa anual de US$300.00, sin necesidad de pagar impuesto sobre la renta, patrimonio, inmuebles, herencias, ni transferencias. No se requiere revelar los nombres de los fundadores, beneficiarios o protectores, ni registrar declaraciones anuales de rentas o estados financieros."
  }
},
{
  "model": "SIGEA_APP.servicios",
  "pk": 19,
  "fields": {
    "iddepartamento": 3,
    "nombreservicio": "Estudios de Precio de Transferencia",
    "descripcionservicio": "Ofrecemos estudios de precios de transferencia en LANS, S.A. de C.V., evaluando operaciones con sujetos relacionados según las leyes tributarias. Analizamos bienes y servicios, funciones de las partes, condiciones contractuales, circunstancias del mercado y estrategias de negocios. Nuestro estudio determina ajustes necesarios en el pago del IVA y el Impuesto Sobre la Renta, realizando análisis económico-financieros y verificando la contabilidad y efectos fiscales de estas operaciones."
  }
},
{
  "model": "SIGEA_APP.servicios",
  "pk": 20,
  "fields": {
    "iddepartamento": 3,
    "nombreservicio": "Otorgamiento de Domicilios Fiscales Legales Tanto Físicos o Virtuales",
    "descripcionservicio": "Ofrecemos el servicio de otorgamiento de domicilios fiscales legales, tanto físicos como virtuales, a través de Lans. Ponemos a su disposición nuestros espacios en oficinas corporativas o virtuales para que su empresa o negocio pueda recibir notificaciones, citaciones o emplazamientos de naturaleza tributaria, municipal, de proveedores o de cualquier institución gubernamental o no gubernamental. Este servicio es un requisito legal esencial que toda empresa debe cumplir en cada país, garantizando así su cumplimiento normativo y operatividad."
  }
},
{
  "model": "SIGEA_APP.servicios",
  "pk": 21,
  "fields": {
    "iddepartamento": 3,
    "nombreservicio": "Auditoría y Contabilidad Internacional",
    "descripcionservicio": "Ofrecemos servicios de auditoría y contabilidad internacional a través de una red confiable de firmas con amplia experiencia. Proporcionamos soluciones personalizadas y profesionales, incluyendo procesamiento mensual de información contable, conciliaciones bancarias, emisión de estados financieros, declaraciones fiscales, revisión de nóminas, verificación de aguinaldos y vacaciones, y elaboración de liquidaciones laborales, entre otros."
  }
},
{
  "model": "SIGEA_APP.servicios",
  "pk": 22,
  "fields": {
    "iddepartamento": 3,
    "nombreservicio": "Inversión Extranjera en Diferentes Rubros",
    "descripcionservicio": "Ofrecemos asesoría integral para inversiones extranjeras en diversos rubros a través de Lans. Le capacitamos sobre marcos regulatorios, tratados de libre comercio, convenios especiales e incentivos fiscales del país en el que desea invertir, optimizando la rentabilidad de su inversión. Analizamos aspectos jurídicos, económicos, técnicos y comerciales de las propuestas, participando en negociaciones cuando es necesario. Identificamos factores de riesgo y proponemos soluciones o salvaguardas adecuadas para cada caso particular de inversión."
  }
},
{
  "model": "SIGEA_APP.servicios",
  "pk": 23,
  "fields": {
    "iddepartamento": 3,
    "nombreservicio": "Estudios de Mercado Previo a la Implementación de un Negocio",
    "descripcionservicio": "Ofrecemos estudios de mercado previos a la implementación de un negocio a través de un proceso sistemático de recolección y análisis de datos. Este servicio es especialmente útil para empresas de nueva creación, nuevas líneas de negocio o proyectos. Proveemos análisis de mercado, sector, competencia y consumidores, estudios de campañas publicitarias, medición de impacto económico y publicitario, estudios de satisfacción, evaluación web y más."
  }
},
{
  "model": "SIGEA_APP.servicios",
  "pk": 24,
  "fields": {
    "iddepartamento": 3,
    "nombreservicio": "Cobranza Internacional",
    "descripcionservicio": "Ofrecemos servicios de cobranza internacional en LANS, S.A. DE C.V., con un Call-Center especializado y tecnología de punta. Realizamos contacto telefónico y escrito con deudores, presentación de demandas judiciales, visitas presenciales y localización de deudores y fiadores. Analizamos cada deuda para aplicar las herramientas más adecuadas, asegurando una gestión ética y eficiente."
  }
},
{
  "model": "SIGEA_APP.servicios",
  "pk": 25,
  "fields": {
    "iddepartamento": 3,
    "nombreservicio": "Inscripción de Marcas o Distintivos Comerciales Multinacionales",
    "descripcionservicio": "Ofrecemos un servicio integral de inscripción de marcas y distintivos comerciales multinacionales. En LANS, S.A. de C.V., nuestra División Internacional protege la propiedad intelectual de nuestros clientes con un equipo calificado y experimentado. Servicios: búsqueda e inscripción de marcas, nombres comerciales, expresiones publicitarias, emblemas, patentes, modelos de utilidad, diseños industriales, derechos de autor, registros sanitarios y farmacéuticos, homologación de permisos sanitarios y oposiciones administrativas y litigios de propiedad intelectual."
  }
},
{
  "model": "SIGEA_APP.servicios",
  "pk": 26,
  "fields": {
    "iddepartamento": 4,
    "nombreservicio": "División de outsourcing en diferentes áreas del que hacer empresarial",
    "descripcionservicio": "Ofrecemos servicios de outsourcing para optimizar los recursos de su empresa. Nuestra firma de abogados se especializa en la externalización de procesos legales, permitiendo a las empresas centrarse en su core-business y reducir costos. Servicios: gestión extrajudicial, análisis de riesgo e informes comerciales, asesoría legal y coordinación con despachos colaboradores en Centroamérica. Nuestro equipo calificado asegura eficiencia operativa, control de calidad y competitividad."
  }
},
{
  "model": "SIGEA_APP.servicios",
  "pk": 27,
  "fields": {
    "iddepartamento": 4,
    "nombreservicio": "Asesoría en inversiones",
    "descripcionservicio": "Ofrecemos asesoría en inversiones (Due Diligence) en LANS S.A. DE C.V., con expertos en inversiones inmobiliarias, prendarias y garantías personales. Ayudamos a nuestros clientes a encontrar las mejores oportunidades de inversión en El Salvador, evaluando y verificando la idoneidad de las garantías. Nuestro equipo analiza aspectos jurídicos, económicos, técnicos y comerciales, identificando factores de riesgo y proponiendo soluciones adecuadas para cada caso particular."
  }
},
{
  "model": "SIGEA_APP.servicios",
  "pk": 28,
  "fields": {
    "iddepartamento": 4,
    "nombreservicio": "Asesoría y capacitación sobre prevención de lavado de dinero y activos y financiamiento al terrorismo",
    "descripcionservicio": "Ofrecemos asesoría y capacitación en prevención de lavado de dinero y financiamiento al terrorismo en El Salvador. Nuestro equipo de abogados especializados ayuda a empresas a aplicar regulaciones, entender riesgos legales y estructurar procesos de prevención. Brindamos apoyo en la elaboración de manuales internos y cumplimiento de normativas exigidas por la UIF y otros organismos de control, asegurando políticas y controles eficaces para mitigar riesgos legales, administrativos y reputacionales"
  }
},
{
  "model": "SIGEA_APP.tipousuario",
  "pk": 1,
  "fields": {
    "descripcion": "Administrador"
  }
},
{
  "model": "SIGEA_APP.tipousuario",
  "pk": 2,
  "fields": {
    "descripcion": "Secretaria"
  }
},
{
  "model": "SIGEA_APP.tipousuario",
  "pk": 3,
  "fields": {
    "descripcion": "Jefe de Departamento"
  }
},
{
  "model": "SIGEA_APP.tipousuario",
  "pk": 4,
  "fields": {
    "descripcion": "Abogado"
  }
},
{
  "model": "SIGEA_APP.usuario",
  "pk": 1,
  "fields": {
    "last_login": "2024-11-01T15:08:52.213Z",
    "idservicio": 10,
    "tipousuario": 1,
    "nombre": "Allan Augusto",
    "apellido": "Anduray Portillo",
    "dui": "364025904",
    "telefono": "74313705",
    "salario": "1200",
    "email": "ap20025@ues.edu.sv",
    "password": "pbkdf2_sha256$720000$06LS2E5u1w4yMFSYzl8kkv$foNawpVPI8FLWm42FuTOydAYEy/gwD58gCocO3Urt0Q=",
    "foto_perfil": "fotos_perfil/Allan.jpg"
  }
},
{
  "model": "SIGEA_APP.usuario",
  "pk": 2,
  "fields": {
    "last_login": "2024-06-16T21:32:51.296Z",
    "idservicio": 10,
    "tipousuario": 1,
    "nombre": "Daniel Alexis",
    "apellido": "García Gómez",
    "dui": "904583102",
    "telefono": "77352145",
    "salario": "1200",
    "email": "gg19083@ues.edu.sv",
    "password": "pbkdf2_sha256$720000$P9OO4VGblvrWp5yvZngVR6$B4eI7n38gVt8md4gMVsKrWwCpOIuQ/fO+RxZHd5NgXo=",
    "foto_perfil": "fotos_perfil/Daniel.jpg"
  }
},
{
  "model": "SIGEA_APP.usuario",
  "pk": 3,
  "fields": {
    "last_login": null,
    "idservicio": 10,
    "tipousuario": 1,
    "nombre": "Josias Abner",
    "apellido": "Rivas Fuentes",
    "dui": "904583103",
    "telefono": "77352146",
    "salario": "1200",
    "email": "rf20010@ues.edu.sv",
    "password": "pbkdf2_sha256$720000$1GFcu3lMkHfbGFtxEzDe0C$u3s6E/AVTrInhPo2SiY6zA2TPJakvefwQezgYhu9FnY=",
    "foto_perfil": "fotos_perfil/Abner.png"
  }
},
{
  "model": "SIGEA_APP.usuario",
  "pk": 4,
  "fields": {
    "last_login": null,
    "idservicio": 10,
    "tipousuario": 1,
    "nombre": "Esther Eunice",
    "apellido": "Guillén Cárcamo",
    "dui": "904583104",
    "telefono": "77352147",
    "salario": "1200",
    "email": "gc21025@ues.edu.sv",
    "password": "pbkdf2_sha256$720000$N8AIiQghBFyWJpP51DQalG$rbIn9d6umX+eHlSjahpZcDS4QtqE/CXU+OLqz6pwEeY=",
    "foto_perfil": "fotos_perfil/Esther.jpg"
  }
},
{
  "model": "SIGEA_APP.usuario",
  "pk": 5,
  "fields": {
    "last_login": null,
    "idservicio": 10,
    "tipousuario": 1,
    "nombre": "Karen Elvira",
    "apellido": "Avilés Peñate",
    "dui": "904583105",
    "telefono": "77352148",
    "salario": "1200",
    "email": "karen.penate@ues.edu.sv",
    "password": "pbkdf2_sha256$720000$swONmhsrZ505Wadpy7BI3D$zW/lOezgX7rYgyS4yM27rEnpIw/l6i5p5KgnqMYihEI=",
    "foto_perfil": "fotos_perfil/Ingra._KAren.jpg"
  }
},
{
  "model": "SIGEA_APP.usuario",
  "pk": 6,
  "fields": {
    "last_login": null,
    "idservicio": null,
    "tipousuario": 2,
    "nombre": "Juan",
    "apellido": "Perez",
    "dui": "12345678-9",
    "telefono": "71234567",
    "salario": "500",
    "email": "juan.perez@example.com",
    "password": "hashed_password1",
    "foto_perfil": ""
  }
},
{
  "model": "SIGEA_APP.usuario",
  "pk": 7,
  "fields": {
    "last_login": null,
    "idservicio": 2,
    "tipousuario": 2,
    "nombre": "Maria",
    "apellido": "Lopez",
    "dui": "23456789-0",
    "telefono": "72234567",
    "salario": "700",
    "email": "maria.lopez@example.com",
    "password": "hashed_password2",
    "foto_perfil": ""
  }
},
{
  "model": "SIGEA_APP.usuario",
  "pk": 8,
  "fields": {
    "last_login": null,
    "idservicio": 3,
    "tipousuario": 2,
    "nombre": "Carlos",
    "apellido": "Martinez",
    "dui": "34567890-1",
    "telefono": "73234567",
    "salario": "600",
    "email": "carlos.martinez@example.com",
    "password": "hashed_password3",
    "foto_perfil": ""
  }
},
{
  "model": "SIGEA_APP.usuario",
  "pk": 9,
  "fields": {
    "last_login": null,
    "idservicio": null,
    "tipousuario": 2,
    "nombre": "Ana",
    "apellido": "Gonzalez",
    "dui": "45678901-2",
    "telefono": "74234567",
    "salario": "650",
    "email": "ana.gonzalez@example.com",
    "password": "hashed_password4",
    "foto_perfil": ""
  }
},
{
  "model": "SIGEA_APP.usuario",
  "pk": 10,
  "fields": {
    "last_login": null,
    "idservicio": 1,
    "tipousuario": 3,
    "nombre": "Luis",
    "apellido": "Hernandez",
    "dui": "56789012-3",
    "telefono": "75234567",
    "salario": "550",
    "email": "luis.hernandez@example.com",
    "password": "hashed_password5",
    "foto_perfil": ""
  }
},
{
  "model": "SIGEA_APP.usuario",
  "pk": 11,
  "fields": {
    "last_login": null,
    "idservicio": 2,
    "tipousuario": 3,
    "nombre": "Carmen",
    "apellido": "Ramirez",
    "dui": "67890123-4",
    "telefono": "76234567",
    "salario": "680",
    "email": "carmen.ramirez@example.com",
    "password": "hashed_password6",
    "foto_perfil": ""
  }
},
{
  "model": "SIGEA_APP.usuario",
  "pk": 12,
  "fields": {
    "last_login": null,
    "idservicio": 3,
    "tipousuario": 3,
    "nombre": "Jose",
    "apellido": "Torres",
    "dui": "78901234-5",
    "telefono": "77234567",
    "salario": "720",
    "email": "jose.torres@example.com",
    "password": "hashed_password7",
    "foto_perfil": ""
  }
},
{
  "model": "SIGEA_APP.usuario",
  "pk": 13,
  "fields": {
    "last_login": null,
    "idservicio": null,
    "tipousuario": 3,
    "nombre": "Diana",
    "apellido": "Rivas",
    "dui": "89012345-6",
    "telefono": "78234567",
    "salario": "530",
    "email": "diana.rivas@example.com",
    "password": "hashed_password8",
    "foto_perfil": ""
  }
},
{
  "model": "SIGEA_APP.usuario",
  "pk": 14,
  "fields": {
    "last_login": null,
    "idservicio": 1,
    "tipousuario": 4,
    "nombre": "Oscar",
    "apellido": "Jimenez",
    "dui": "90123456-7",
    "telefono": "79234567",
    "salario": "750",
    "email": "oscar.jimenez@example.com",
    "password": "hashed_password9",
    "foto_perfil": ""
  }
},
{
  "model": "SIGEA_APP.usuario",
  "pk": 15,
  "fields": {
    "last_login": null,
    "idservicio": null,
    "tipousuario": 4,
    "nombre": "Andrea",
    "apellido": "Vasquez",
    "dui": "01234567-8",
    "telefono": "70234567",
    "salario": "600",
    "email": "andrea.vasquez@example.com",
    "password": "hashed_password10",
    "foto_perfil": ""
  }
},
{
  "model": "SIGEA_APP.usuario",
  "pk": 16,
  "fields": {
    "last_login": null,
    "idservicio": 2,
    "tipousuario": 4,
    "nombre": "Fernando",
    "apellido": "Sanchez",
    "dui": "22345678-9",
    "telefono": "71234568",
    "salario": "800",
    "email": "fernando.sanchez@example.com",
    "password": "hashed_password11",
    "foto_perfil": ""
  }
},
{
  "model": "SIGEA_APP.usuario",
  "pk": 17,
  "fields": {
    "last_login": null,
    "idservicio": 3,
    "tipousuario": 4,
    "nombre": "Laura",
    "apellido": "Mendoza",
    "dui": "83456789-0",
    "telefono": "72234568",
    "salario": "670",
    "email": "laura.mendoza@example.com",
    "password": "hashed_password12",
    "foto_perfil": ""
  }
},
{
  "model": "SIGEA_APP.estadoactividad",
  "pk": 1,
  "fields": {
    "descripcion": "No iniciado"
  }
},
{
  "model": "SIGEA_APP.estadoactividad",
  "pk": 2,
  "fields": {
    "descripcion": "En Proceso"
  }
},
{
  "model": "SIGEA_APP.estadoactividad",
  "pk": 3,
  "fields": {
    "descripcion": "Finalizado"
  }
},
{
  "model": "SIGEA_APP.actividades",
  "pk": 1,
  "fields": {
    "idusuario": 6,
    "idrecordatorio": null,
    "estadoactividad": 1,
    "tipoactividad": "Reunión",
    "nombreactividad": "Revisión mensual",
    "fechaactividad": "2024-10-01T10:00:00Z",
    "fechafin": "2024-10-01T11:30:00Z",
    "descripcionactividad": "Revisión de objetivos mensuales y desempeño.",
    "docanexoactividad": ""
  }
},
{
  "model": "SIGEA_APP.actividades",
  "pk": 2,
  "fields": {
    "idusuario": 6,
    "idrecordatorio": null,
    "estadoactividad": 2,
    "tipoactividad": "Tarea",
    "nombreactividad": "Informe semanal",
    "fechaactividad": "2024-10-07T09:00:00Z",
    "fechafin": "2024-10-07T17:00:00Z",
    "descripcionactividad": "Elaboración de informe semanal de actividades.",
    "docanexoactividad": ""
  }
},
{
  "model": "SIGEA_APP.actividades",
  "pk": 3,
  "fields": {
    "idusuario": 6,
    "idrecordatorio": null,
    "estadoactividad": 3,
    "tipoactividad": "Reunión",
    "nombreactividad": "Planificación de proyectos",
    "fechaactividad": "2024-10-08T11:00:00Z",
    "fechafin": "2024-10-08T13:00:00Z",
    "descripcionactividad": "Planificación y asignación de recursos para proyectos.",
    "docanexoactividad": ""
  }
},
{
  "model": "SIGEA_APP.actividades",
  "pk": 4,
  "fields": {
    "idusuario": 6,
    "idrecordatorio": null,
    "estadoactividad": 1,
    "tipoactividad": "Tarea",
    "nombreactividad": "Actualización de documentos",
    "fechaactividad": "2024-10-09T08:30:00Z",
    "fechafin": "2024-10-09T16:30:00Z",
    "descripcionactividad": "Actualización de documentación del proyecto.",
    "docanexoactividad": ""
  }
},
{
  "model": "SIGEA_APP.actividades",
  "pk": 5,
  "fields": {
    "idusuario": 6,
    "idrecordatorio": null,
    "estadoactividad": 2,
    "tipoactividad": "Reunión",
    "nombreactividad": "Revisión de equipo",
    "fechaactividad": "2024-10-10T10:00:00Z",
    "fechafin": "2024-10-10T11:00:00Z",
    "descripcionactividad": "Revisión semanal con equipo de trabajo.",
    "docanexoactividad": ""
  }
},
{
  "model": "SIGEA_APP.actividades",
  "pk": 6,
  "fields": {
    "idusuario": 6,
    "idrecordatorio": null,
    "estadoactividad": 3,
    "tipoactividad": "Capacitación",
    "nombreactividad": "Curso avanzado de SQL",
    "fechaactividad": "2024-10-15T09:00:00Z",
    "fechafin": "2024-10-15T12:00:00Z",
    "descripcionactividad": "Curso de actualización en técnicas avanzadas de SQL.",
    "docanexoactividad": ""
  }
},
{
  "model": "SIGEA_APP.actividades",
  "pk": 7,
  "fields": {
    "idusuario": 6,
    "idrecordatorio": null,
    "estadoactividad": 1,
    "tipoactividad": "Tarea",
    "nombreactividad": "Análisis de datos",
    "fechaactividad": "2024-10-16T08:30:00Z",
    "fechafin": "2024-10-16T17:30:00Z",
    "descripcionactividad": "Análisis de datos para reporte mensual.",
    "docanexoactividad": ""
  }
},
{
  "model": "SIGEA_APP.actividades",
  "pk": 8,
  "fields": {
    "idusuario": 6,
    "idrecordatorio": null,
    "estadoactividad": 2,
    "tipoactividad": "Reunión",
    "nombreactividad": "Evaluación de medio término",
    "fechaactividad": "2024-10-17T14:00:00Z",
    "fechafin": "2024-10-17T15:30:00Z",
    "descripcionactividad": "Evaluación del rendimiento del equipo en el proyecto.",
    "docanexoactividad": ""
  }
},
{
  "model": "SIGEA_APP.actividades",
  "pk": 9,
  "fields": {
    "idusuario": 6,
    "idrecordatorio": null,
    "estadoactividad": 3,
    "tipoactividad": "Tarea",
    "nombreactividad": "Elaboración de presentaciones",
    "fechaactividad": "2024-10-22T08:00:00Z",
    "fechafin": "2024-10-22T12:00:00Z",
    "descripcionactividad": "Preparación de presentaciones para clientes.",
    "docanexoactividad": ""
  }
},
{
  "model": "SIGEA_APP.actividades",
  "pk": 10,
  "fields": {
    "idusuario": 6,
    "idrecordatorio": null,
    "estadoactividad": 1,
    "tipoactividad": "Reunión",
    "nombreactividad": "Cierre mensual",
    "fechaactividad": "2024-10-29T16:00:00Z",
    "fechafin": "2024-10-29T17:30:00Z",
    "descripcionactividad": "Revisión y cierre de actividades del mes.",
    "docanexoactividad": ""
  }
},
{
  "model": "SIGEA_APP.tipocliente",
  "pk": 1,
  "fields": {
    "descripcion": "Persona Natural"
  }
},
{
  "model": "SIGEA_APP.tipocliente",
  "pk": 2,
  "fields": {
    "descripcion": "Persona Jurídica"
  }
},
{
  "model": "SIGEA_APP.cliente",
  "pk": 1,
  "fields": {
    "idTipo": 1,
    "nombre": "Carlos Gonzalez",
    "correo": "carlos.gonzalez@example.com",
    "telefono": "71234561"
  }
},
{
  "model": "SIGEA_APP.cliente",
  "pk": 2,
  "fields": {
    "idTipo": 1,
    "nombre": "María Fernandez",
    "correo": "maria.fernandez@example.com",
    "telefono": "71234562"
  }
},
{
  "model": "SIGEA_APP.cliente",
  "pk": 3,
  "fields": {
    "idTipo": 1,
    "nombre": "Luis Perez",
    "correo": "luis.perez@example.com",
    "telefono": "71234563"
  }
},
{
  "model": "SIGEA_APP.cliente",
  "pk": 4,
  "fields": {
    "idTipo": 1,
    "nombre": "Ana Lopez",
    "correo": "ana.lopez@example.com",
    "telefono": "71234564"
  }
},
{
  "model": "SIGEA_APP.cliente",
  "pk": 5,
  "fields": {
    "idTipo": 1,
    "nombre": "Juan Rodriguez",
    "correo": "juan.rodriguez@example.com",
    "telefono": "71234565"
  }
},
{
  "model": "SIGEA_APP.cliente",
  "pk": 6,
  "fields": {
    "idTipo": 1,
    "nombre": "Sofia Martinez",
    "correo": "sofia.martinez@example.com",
    "telefono": "71234566"
  }
},
{
  "model": "SIGEA_APP.cliente",
  "pk": 7,
  "fields": {
    "idTipo": 1,
    "nombre": "Miguel Torres",
    "correo": "miguel.torres@example.com",
    "telefono": "71234567"
  }
},
{
  "model": "SIGEA_APP.cliente",
  "pk": 8,
  "fields": {
    "idTipo": 1,
    "nombre": "Laura Ramirez",
    "correo": "laura.ramirez@example.com",
    "telefono": "71234568"
  }
},
{
  "model": "SIGEA_APP.cliente",
  "pk": 9,
  "fields": {
    "idTipo": 1,
    "nombre": "Ricardo Jimenez",
    "correo": "ricardo.jimenez@example.com",
    "telefono": "71234569"
  }
},
{
  "model": "SIGEA_APP.cliente",
  "pk": 10,
  "fields": {
    "idTipo": 1,
    "nombre": "Patricia Suarez",
    "correo": "patricia.suarez@example.com",
    "telefono": "71234570"
  }
},
{
  "model": "SIGEA_APP.cliente",
  "pk": 11,
  "fields": {
    "idTipo": 2,
    "nombre": "Andres Castillo",
    "correo": "andres.castillo@example.com",
    "telefono": "71234571"
  }
},
{
  "model": "SIGEA_APP.cliente",
  "pk": 12,
  "fields": {
    "idTipo": 2,
    "nombre": "Camila Ortiz",
    "correo": "camila.ortiz@example.com",
    "telefono": "71234572"
  }
},
{
  "model": "SIGEA_APP.cliente",
  "pk": 13,
  "fields": {
    "idTipo": 2,
    "nombre": "Jose Morales",
    "correo": "jose.morales@example.com",
    "telefono": "71234573"
  }
},
{
  "model": "SIGEA_APP.cliente",
  "pk": 14,
  "fields": {
    "idTipo": 2,
    "nombre": "Elena Rivas",
    "correo": "elena.rivas@example.com",
    "telefono": "71234574"
  }
},
{
  "model": "SIGEA_APP.cliente",
  "pk": 15,
  "fields": {
    "idTipo": 2,
    "nombre": "Diego Vargas",
    "correo": "diego.vargas@example.com",
    "telefono": "71234575"
  }
},
{
  "model": "SIGEA_APP.cliente",
  "pk": 16,
  "fields": {
    "idTipo": 2,
    "nombre": "Gabriela Reyes",
    "correo": "gabriela.reyes@example.com",
    "telefono": "71234576"
  }
},
{
  "model": "SIGEA_APP.cliente",
  "pk": 17,
  "fields": {
    "idTipo": 2,
    "nombre": "Oscar Sanchez",
    "correo": "oscar.sanchez@example.com",
    "telefono": "71234577"
  }
},
{
  "model": "SIGEA_APP.cliente",
  "pk": 18,
  "fields": {
    "idTipo": 2,
    "nombre": "Daniela Flores",
    "correo": "daniela.flores@example.com",
    "telefono": "71234578"
  }
},
{
  "model": "SIGEA_APP.cliente",
  "pk": 19,
  "fields": {
    "idTipo": 2,
    "nombre": "Pablo Herrera",
    "correo": "pablo.herrera@example.com",
    "telefono": "71234579"
  }
},
{
  "model": "SIGEA_APP.cliente",
  "pk": 20,
  "fields": {
    "idTipo": 2,
    "nombre": "Fernanda Vega",
    "correo": "fernanda.vega@example.com",
    "telefono": "71234580"
  }
},
{
  "model": "SIGEA_APP.registroasistencia",
  "pk": 1,
  "fields": {
    "empleado": 6,
    "fecha": "2024-10-01",
    "hora_entrada": "08:00:00",
    "hora_salida": "15:30:00",
    "horas_trabajadas": "07:30:00"
  }
},
{
  "model": "SIGEA_APP.registroasistencia",
  "pk": 2,
  "fields": {
    "empleado": 6,
    "fecha": "2024-10-02",
    "hora_entrada": "08:15:00",
    "hora_salida": "14:45:00",
    "horas_trabajadas": "06:30:00"
  }
},
{
  "model": "SIGEA_APP.registroasistencia",
  "pk": 3,
  "fields": {
    "empleado": 6,
    "fecha": "2024-10-03",
    "hora_entrada": "09:00:00",
    "hora_salida": "17:00:00",
    "horas_trabajadas": "08:00:00"
  }
},
{
  "model": "SIGEA_APP.registroasistencia",
  "pk": 4,
  "fields": {
    "empleado": 7,
    "fecha": "2024-10-01",
    "hora_entrada": "08:30:00",
    "hora_salida": "15:00:00",
    "horas_trabajadas": "06:30:00"
  }
},
{
  "model": "SIGEA_APP.registroasistencia",
  "pk": 5,
  "fields": {
    "empleado": 7,
    "fecha": "2024-10-02",
    "hora_entrada": "09:00:00",
    "hora_salida": "16:00:00",
    "horas_trabajadas": "07:00:00"
  }
},
{
  "model": "SIGEA_APP.registroasistencia",
  "pk": 6,
  "fields": {
    "empleado": 7,
    "fecha": "2024-10-03",
    "hora_entrada": "08:00:00",
    "hora_salida": "16:00:00",
    "horas_trabajadas": "08:00:00"
  }
},
{
  "model": "SIGEA_APP.registroasistencia",
  "pk": 7,
  "fields": {
    "empleado": 8,
    "fecha": "2024-10-01",
    "hora_entrada": "07:45:00",
    "hora_salida": "14:15:00",
    "horas_trabajadas": "06:30:00"
  }
},
{
  "model": "SIGEA_APP.registroasistencia",
  "pk": 8,
  "fields": {
    "empleado": 8,
    "fecha": "2024-10-02",
    "hora_entrada": "08:00:00",
    "hora_salida": "15:00:00",
    "horas_trabajadas": "07:00:00"
  }
},
{
  "model": "SIGEA_APP.registroasistencia",
  "pk": 9,
  "fields": {
    "empleado": 8,
    "fecha": "2024-10-03",
    "hora_entrada": "08:30:00",
    "hora_salida": "16:30:00",
    "horas_trabajadas": "08:00:00"
  }
},
{
  "model": "SIGEA_APP.registroasistencia",
  "pk": 10,
  "fields": {
    "empleado": 9,
    "fecha": "2024-10-01",
    "hora_entrada": "09:00:00",
    "hora_salida": "16:00:00",
    "horas_trabajadas": "07:00:00"
  }
},
{
  "model": "SIGEA_APP.registroasistencia",
  "pk": 11,
  "fields": {
    "empleado": 9,
    "fecha": "2024-10-02",
    "hora_entrada": "08:30:00",
    "hora_salida": "16:30:00",
    "horas_trabajadas": "08:00:00"
  }
},
{
  "model": "SIGEA_APP.registroasistencia",
  "pk": 12,
  "fields": {
    "empleado": 9,
    "fecha": "2024-10-03",
    "hora_entrada": "08:15:00",
    "hora_salida": "15:15:00",
    "horas_trabajadas": "07:00:00"
  }
},
{
  "model": "SIGEA_APP.registroasistencia",
  "pk": 13,
  "fields": {
    "empleado": 10,
    "fecha": "2024-10-01",
    "hora_entrada": "08:00:00",
    "hora_salida": "14:30:00",
    "horas_trabajadas": "06:30:00"
  }
},
{
  "model": "SIGEA_APP.registroasistencia",
  "pk": 14,
  "fields": {
    "empleado": 10,
    "fecha": "2024-10-02",
    "hora_entrada": "09:15:00",
    "hora_salida": "16:15:00",
    "horas_trabajadas": "07:00:00"
  }
},
{
  "model": "SIGEA_APP.registroasistencia",
  "pk": 15,
  "fields": {
    "empleado": 10,
    "fecha": "2024-10-03",
    "hora_entrada": "08:30:00",
    "hora_salida": "16:30:00",
    "horas_trabajadas": "08:00:00"
  }
},
{
  "model": "SIGEA_APP.caso",
  "pk": 1,
  "fields": {
    "nombreCaso": "Caso de Carlos Gonzalez 1",
    "idCliente": 1,
    "descripcionCaso": "Descripción del caso 1 para Carlos Gonzalez",
    "estadoCaso": "Iniciado"
  }
},
{
  "model": "SIGEA_APP.caso",
  "pk": 2,
  "fields": {
    "nombreCaso": "Caso de Carlos Gonzalez 2",
    "idCliente": 1,
    "descripcionCaso": "Descripción del caso 2 para Carlos Gonzalez",
    "estadoCaso": "En Proceso"
  }
},
{
  "model": "SIGEA_APP.caso",
  "pk": 3,
  "fields": {
    "nombreCaso": "Caso de María Fernandez 1",
    "idCliente": 2,
    "descripcionCaso": "Descripción del caso 1 para María Fernandez",
    "estadoCaso": "En Proceso"
  }
},
{
  "model": "SIGEA_APP.caso",
  "pk": 4,
  "fields": {
    "nombreCaso": "Caso de María Fernandez 2",
    "idCliente": 2,
    "descripcionCaso": "Descripción del caso 2 para María Fernandez",
    "estadoCaso": "Finalizado"
  }
},
{
  "model": "SIGEA_APP.caso",
  "pk": 5,
  "fields": {
    "nombreCaso": "Caso de Luis Perez 1",
    "idCliente": 3,
    "descripcionCaso": "Descripción del caso 1 para Luis Perez",
    "estadoCaso": "Iniciado"
  }
},
{
  "model": "SIGEA_APP.caso",
  "pk": 6,
  "fields": {
    "nombreCaso": "Caso de Luis Perez 2",
    "idCliente": 3,
    "descripcionCaso": "Descripción del caso 2 para Luis Perez",
    "estadoCaso": "En Proceso"
  }
},
{
  "model": "SIGEA_APP.caso",
  "pk": 7,
  "fields": {
    "nombreCaso": "Caso de Ana Lopez 1",
    "idCliente": 4,
    "descripcionCaso": "Descripción del caso 1 para Ana Lopez",
    "estadoCaso": "Finalizado"
  }
},
{
  "model": "SIGEA_APP.caso",
  "pk": 8,
  "fields": {
    "nombreCaso": "Caso de Ana Lopez 2",
    "idCliente": 4,
    "descripcionCaso": "Descripción del caso 2 para Ana Lopez",
    "estadoCaso": "Iniciado"
  }
},
{
  "model": "SIGEA_APP.caso",
  "pk": 9,
  "fields": {
    "nombreCaso": "Caso de Juan Rodriguez 1",
    "idCliente": 5,
    "descripcionCaso": "Descripción del caso 1 para Juan Rodriguez",
    "estadoCaso": "En Proceso"
  }
},
{
  "model": "SIGEA_APP.caso",
  "pk": 10,
  "fields": {
    "nombreCaso": "Caso de Juan Rodriguez 2",
    "idCliente": 5,
    "descripcionCaso": "Descripción del caso 2 para Juan Rodriguez",
    "estadoCaso": "Finalizado"
  }
},
{
  "model": "SIGEA_APP.caso",
  "pk": 11,
  "fields": {
    "nombreCaso": "Caso de Sofia Martinez 1",
    "idCliente": 6,
    "descripcionCaso": "Descripción del caso 1 para Sofia Martinez",
    "estadoCaso": "Iniciado"
  }
},
{
  "model": "SIGEA_APP.caso",
  "pk": 12,
  "fields": {
    "nombreCaso": "Caso de Sofia Martinez 2",
    "idCliente": 6,
    "descripcionCaso": "Descripción del caso 2 para Sofia Martinez",
    "estadoCaso": "En Proceso"
  }
},
{
  "model": "SIGEA_APP.caso",
  "pk": 13,
  "fields": {
    "nombreCaso": "Caso de Miguel Torres 1",
    "idCliente": 7,
    "descripcionCaso": "Descripción del caso 1 para Miguel Torres",
    "estadoCaso": "Finalizado"
  }
},
{
  "model": "SIGEA_APP.caso",
  "pk": 14,
  "fields": {
    "nombreCaso": "Caso de Miguel Torres 2",
    "idCliente": 7,
    "descripcionCaso": "Descripción del caso 2 para Miguel Torres",
    "estadoCaso": "Iniciado"
  }
},
{
  "model": "SIGEA_APP.caso",
  "pk": 15,
  "fields": {
    "nombreCaso": "Caso de Laura Ramirez 1",
    "idCliente": 8,
    "descripcionCaso": "Descripción del caso 1 para Laura Ramirez",
    "estadoCaso": "En Proceso"
  }
},
{
  "model": "SIGEA_APP.caso",
  "pk": 16,
  "fields": {
    "nombreCaso": "Caso de Laura Ramirez 2",
    "idCliente": 8,
    "descripcionCaso": "Descripción del caso 2 para Laura Ramirez",
    "estadoCaso": "Finalizado"
  }
},
{
  "model": "SIGEA_APP.caso",
  "pk": 17,
  "fields": {
    "nombreCaso": "Caso de Ricardo Jimenez 1",
    "idCliente": 9,
    "descripcionCaso": "Descripción del caso 1 para Ricardo Jimenez",
    "estadoCaso": "Iniciado"
  }
},
{
  "model": "SIGEA_APP.caso",
  "pk": 18,
  "fields": {
    "nombreCaso": "Caso de Ricardo Jimenez 2",
    "idCliente": 9,
    "descripcionCaso": "Descripción del caso 2 para Ricardo Jimenez",
    "estadoCaso": "En Proceso"
  }
},
{
  "model": "SIGEA_APP.caso",
  "pk": 19,
  "fields": {
    "nombreCaso": "Caso de Patricia Suarez 1",
    "idCliente": 10,
    "descripcionCaso": "Descripción del caso 1 para Patricia Suarez",
    "estadoCaso": "Finalizado"
  }
},
{
  "model": "SIGEA_APP.caso",
  "pk": 20,
  "fields": {
    "nombreCaso": "Caso de Patricia Suarez 2",
    "idCliente": 10,
    "descripcionCaso": "Descripción del caso 2 para Patricia Suarez",
    "estadoCaso": "Iniciado"
  }
},
{
  "model": "SIGEA_APP.caso",
  "pk": 21,
  "fields": {
    "nombreCaso": "Caso de Andres Castillo 1",
    "idCliente": 11,
    "descripcionCaso": "Descripción del caso 1 para Andres Castillo",
    "estadoCaso": "En Proceso"
  }
},
{
  "model": "SIGEA_APP.caso",
  "pk": 22,
  "fields": {
    "nombreCaso": "Caso de Andres Castillo 2",
    "idCliente": 11,
    "descripcionCaso": "Descripción del caso 2 para Andres Castillo",
    "estadoCaso": "Finalizado"
  }
},
{
  "model": "SIGEA_APP.caso",
  "pk": 23,
  "fields": {
    "nombreCaso": "Caso de Camila Ortiz 1",
    "idCliente": 12,
    "descripcionCaso": "Descripción del caso 1 para Camila Ortiz",
    "estadoCaso": "Iniciado"
  }
},
{
  "model": "SIGEA_APP.caso",
  "pk": 24,
  "fields": {
    "nombreCaso": "Caso de Camila Ortiz 2",
    "idCliente": 12,
    "descripcionCaso": "Descripción del caso 2 para Camila Ortiz",
    "estadoCaso": "En Proceso"
  }
},
{
  "model": "SIGEA_APP.caso",
  "pk": 25,
  "fields": {
    "nombreCaso": "Caso de Jose Morales 1",
    "idCliente": 13,
    "descripcionCaso": "Descripción del caso 1 para Jose Morales",
    "estadoCaso": "Finalizado"
  }
},
{
  "model": "SIGEA_APP.caso",
  "pk": 26,
  "fields": {
    "nombreCaso": "Caso de Jose Morales 2",
    "idCliente": 13,
    "descripcionCaso": "Descripción del caso 2 para Jose Morales",
    "estadoCaso": "Iniciado"
  }
},
{
  "model": "SIGEA_APP.caso",
  "pk": 27,
  "fields": {
    "nombreCaso": "Caso de Elena Rivas 1",
    "idCliente": 14,
    "descripcionCaso": "Descripción del caso 1 para Elena Rivas",
    "estadoCaso": "En Proceso"
  }
},
{
  "model": "SIGEA_APP.caso",
  "pk": 28,
  "fields": {
    "nombreCaso": "Caso de Elena Rivas 2",
    "idCliente": 14,
    "descripcionCaso": "Descripción del caso 2 para Elena Rivas",
    "estadoCaso": "Finalizado"
  }
},
{
  "model": "SIGEA_APP.caso",
  "pk": 29,
  "fields": {
    "nombreCaso": "Caso de Diego Vargas 1",
    "idCliente": 15,
    "descripcionCaso": "Descripción del caso 1 para Diego Vargas",
    "estadoCaso": "Iniciado"
  }
},
{
  "model": "SIGEA_APP.caso",
  "pk": 30,
  "fields": {
    "nombreCaso": "Caso de Diego Vargas 2",
    "idCliente": 15,
    "descripcionCaso": "Descripción del caso 2 para Diego Vargas",
    "estadoCaso": "En Proceso"
  }
},
{
  "model": "SIGEA_APP.caso",
  "pk": 31,
  "fields": {
    "nombreCaso": "Caso de Gabriela Reyes 1",
    "idCliente": 16,
    "descripcionCaso": "Descripción del caso 1 para Gabriela Reyes",
    "estadoCaso": "Finalizado"
  }
},
{
  "model": "SIGEA_APP.caso",
  "pk": 32,
  "fields": {
    "nombreCaso": "Caso de Gabriela Reyes 2",
    "idCliente": 16,
    "descripcionCaso": "Descripción del caso 2 para Gabriela Reyes",
    "estadoCaso": "Iniciado"
  }
},
{
  "model": "SIGEA_APP.caso",
  "pk": 33,
  "fields": {
    "nombreCaso": "Caso de Oscar Sanchez 1",
    "idCliente": 17,
    "descripcionCaso": "Descripción del caso 1 para Oscar Sanchez",
    "estadoCaso": "En Proceso"
  }
},
{
  "model": "SIGEA_APP.caso",
  "pk": 34,
  "fields": {
    "nombreCaso": "Caso de Oscar Sanchez 2",
    "idCliente": 17,
    "descripcionCaso": "Descripción del caso 2 para Oscar Sanchez",
    "estadoCaso": "Finalizado"
  }
},
{
  "model": "SIGEA_APP.caso",
  "pk": 35,
  "fields": {
    "nombreCaso": "Caso de Daniela Flores 1",
    "idCliente": 18,
    "descripcionCaso": "Descripción del caso 1 para Daniela Flores",
    "estadoCaso": "Iniciado"
  }
},
{
  "model": "SIGEA_APP.caso",
  "pk": 36,
  "fields": {
    "nombreCaso": "Caso de Daniela Flores 2",
    "idCliente": 18,
    "descripcionCaso": "Descripción del caso 2 para Daniela Flores",
    "estadoCaso": "En Proceso"
  }
},
{
  "model": "SIGEA_APP.caso",
  "pk": 37,
  "fields": {
    "nombreCaso": "Caso de Pablo Herrera 1",
    "idCliente": 19,
    "descripcionCaso": "Descripción del caso 1 para Pablo Herrera",
    "estadoCaso": "Finalizado"
  }
},
{
  "model": "SIGEA_APP.caso",
  "pk": 38,
  "fields": {
    "nombreCaso": "Caso de Pablo Herrera 2",
    "idCliente": 19,
    "descripcionCaso": "Descripción del caso 2 para Pablo Herrera",
    "estadoCaso": "Iniciado"
  }
},
{
  "model": "SIGEA_APP.caso",
  "pk": 39,
  "fields": {
    "nombreCaso": "Caso de Fernanda Vega 1",
    "idCliente": 20,
    "descripcionCaso": "Descripción del caso 1 para Fernanda Vega",
    "estadoCaso": "En Proceso"
  }
},
{
  "model": "SIGEA_APP.caso",
  "pk": 40,
  "fields": {
    "nombreCaso": "Caso de Fernanda Vega 2",
    "idCliente": 20,
    "descripcionCaso": "Descripción del caso 2 para Fernanda Vega",
    "estadoCaso": "Finalizado"
  }
}
]
